Round,Nr.1,Nr.2,Nr.3,Nr.4,Nr.5,Nr.6
1,38,17,47,25,30,37
2,6,7,30,17,2,42
3,44,20,17,3,38,45
4,42,30,36,5,4,6
5,5,14,7,49,35,19
6,42,28,41,15,22,38
7,18,4,16,35,2,17
8,44,48,34,37,4,41
9,13,7,6,45,29,25
10,8,22,43,14,34,15
11,14,17,47,19,36,12
12,48,20,6,43,4,35
13,37,36,17,35,15,8
14,12,33,41,7,34,43
15,49,15,46,25,12,32
16,7,20,27,46,2,33
17,39,5,6,19,20,2
18,14,47,40,26,24,36
19,45,10,18,43,35,11
20,38,29,49,47,8,3
21,16,42,33,4,38,7
22,22,39,35,29,44,46
23,34,9,10,19,2,47
24,11,8,25,13,3,38
25,38,49,36,20,19,5
26,49,42,11,45,9,23
27,23,46,1,35,2,22
28,10,41,29,25,18,8
29,19,7,16,18,6,49
30,15,44,32,21,49,10
31,29,32,38,24,11,15
32,10,18,23,40,35,33
33,37,10,44,27,47,48
34,34,7,49,14,47,44
35,43,49,4,36,24,26
36,46,27,6,31,2,11
37,27,14,3,43,22,42
38,47,38,36,19,5,35
39,41,4,39,13,24,33
40,18,29,17,48,47,34
41,33,29,31,23,41,6
42,29,17,11,14,28,39
43,35,16,8,47,46,36
44,36,21,5,47,40,33
45,25,31,46,39,1,22
46,20,45,32,23,18,19
47,29,27,44,43,30,46
48,28,26,48,37,44,1
49,1,15,9,45,44,14
50,41,7,48,3,11,16
51,5,8,48,2,28,25
52,49,39,9,42,37,13
53,10,7,45,2,8,20
54,48,38,15,45,12,42
55,4,33,17,45,13,39
56,16,11,12,14,15,38
57,28,45,2,7,19,43
58,25,23,41,40,27,34
59,18,44,1,43,40,9
60,3,31,1,28,15,12
61,38,13,31,28,19,23
62,49,31,10,43,37,12
63,25,18,42,36,43,12
64,20,44,18,48,19,28
65,41,8,37,22,6,5
66,41,36,18,23,27,10
67,38,12,1,2,44,41
68,1,31,16,4,33,18
69,23,5,42,18,15,12
70,12,49,23,18,5,28
71,39,46,35,43,17,16
72,36,37,24,48,10,5
73,13,25,16,14,49,37
74,4,35,39,22,11,46
75,19,5,24,9,36,40
76,3,22,13,5,35,6
77,16,30,11,4,19,46
78,34,28,48,32,4,20
79,30,46,39,19,35,48
80,36,4,12,20,7,39
81,32,14,44,34,21,24
82,29,43,24,8,17,18
83,13,33,16,1,30,36
84,42,35,5,26,37,25
85,36,15,43,19,16,32
86,38,34,9,24,25,36
87,20,30,48,29,16,36
88,43,47,34,4,8,48
89,45,28,43,40,32,29
90,31,26,16,10,23,43
91,27,31,24,40,7,19
92,32,25,21,6,27,14
93,16,9,46,41,1,37
94,24,33,25,44,42,28
95,28,2,30,16,29,10
96,45,40,16,6,32,38
97,28,35,41,34,20,25
98,10,17,28,32,27,35
99,22,6,19,3,31,15
100,31,7,9,40,26,14
101,13,6,21,41,19,15
102,45,28,2,34,26,7
103,39,3,26,38,11,20
104,28,2,43,47,12,19
105,8,42,17,12,32,43
106,10,12,36,42,18,1
107,21,18,15,35,11,7
108,21,1,9,16,37,42
109,18,45,17,23,9,39
110,39,46,40,41,9,23
111,41,7,36,33,6,14
112,5,14,10,9,3,15
113,28,14,24,20,37,33
114,4,32,2,20,7,35
115,12,14,27,5,19,42
116,7,38,43,18,5,12
117,11,19,46,20,12,29
118,30,16,5,22,15,21
119,37,47,14,6,38,45
120,19,10,45,17,47,23
121,28,48,21,35,16,33
122,45,18,12,25,9,22
123,22,32,13,46,5,10
124,40,34,7,46,41,27
125,27,17,40,48,30,44
126,25,38,3,9,46,47
127,21,38,36,31,15,11
128,5,25,42,46,26,15
129,25,10,18,8,31,44
130,4,14,13,32,35,19
131,11,16,22,35,20,23
132,14,38,34,49,37,42
133,10,29,21,19,31,26
134,44,23,49,43,15,16
135,1,35,27,9,14,36
136,49,40,23,16,26,24
137,15,22,19,2,29,31
138,33,14,41,2,46,21
139,41,8,9,12,2,44
140,27,6,9,13,43,18
141,36,10,37,16,23,46
142,39,32,25,17,9,42
143,8,40,48,15,17,14
144,14,46,16,49,17,1
145,29,28,1,5,48,47
146,44,1,25,20,46,34
147,36,13,19,15,11,3
148,20,39,30,1,32,2
149,20,5,1,8,36,7
150,18,4,3,37,35,25
151,28,4,8,29,32,20
152,36,13,47,27,44,7
153,27,23,31,34,17,25
154,7,2,43,42,13,5
155,40,20,17,39,34,9
156,16,48,49,45,34,15
157,34,22,24,12,10,37
158,23,32,46,6,27,14
159,3,15,13,35,36,5
160,21,45,5,7,37,48
161,47,20,3,16,33,35
162,31,15,38,46,23,10
163,35,48,49,23,14,29
164,26,25,23,5,13,35
165,2,24,20,18,10,29
166,9,43,42,33,12,23
167,24,27,23,33,18,29
168,17,11,1,20,13,23
169,7,48,43,4,17,45
170,18,17,28,8,20,5
171,39,18,33,15,20,23
172,42,36,6,10,17,16
173,29,27,37,38,1,12
174,12,9,23,46,19,37
175,5,13,33,37,16,22
176,5,11,28,18,39,27
177,5,49,22,8,24,16
178,1,41,6,25,31,14
179,25,3,8,24,2,27
180,1,13,45,20,21,12
181,43,33,42,46,17,7
182,31,45,16,29,32,28
183,20,26,42,36,49,9
184,14,15,11,46,41,16
185,19,23,32,18,36,15
186,26,37,30,27,23,39
187,45,17,14,29,39,27
188,46,43,9,40,4,34
189,38,35,48,9,34,37
190,23,16,17,9,15,26
191,33,32,9,1,42,3
192,14,28,10,24,2,11
193,4,44,20,10,7,11
194,24,42,2,30,26,28
195,2,48,9,34,42,8
196,46,37,3,43,34,30
197,46,13,48,29,39,3
198,38,49,22,34,46,14
199,19,46,13,9,15,14
200,40,21,47,2,31,45
201,20,26,43,17,41,38
202,43,17,22,20,34,23
203,25,19,12,45,49,5
204,48,1,43,32,26,24
205,41,42,13,4,3,49
206,26,10,4,36,25,46
207,30,1,46,28,48,45
208,30,3,37,5,20,2
209,31,22,29,13,15,21
210,38,6,34,35,15,46
211,30,1,42,3,18,49
212,4,16,39,29,45,11
213,27,42,31,6,9,21
214,24,12,46,6,26,27
215,17,23,5,35,34,24
216,27,32,20,28,29,12
217,16,33,21,8,23,43
218,26,46,1,27,30,13
219,23,10,48,44,19,18
220,42,2,4,21,1,29
221,5,33,36,31,39,46
222,24,35,23,7,15,38
223,17,34,11,2,45,30
224,33,14,49,46,36,45
225,49,35,33,24,36,43
226,4,48,27,26,30,44
227,39,13,23,4,8,29
228,8,7,18,25,41,12
229,47,11,25,15,40,7
230,9,26,43,5,7,24
231,22,1,45,34,15,26
232,33,22,49,31,35,10
233,43,40,48,5,11,29
234,21,44,13,5,9,41
235,20,8,43,46,48,26
236,11,33,46,15,4,44
237,44,32,45,21,31,37
238,33,43,5,29,47,21
239,16,5,17,13,4,28
240,48,30,15,22,5,35
241,21,43,17,14,12,11
242,16,22,13,20,6,1
243,9,18,11,49,21,29
244,28,5,8,17,13,24
245,39,29,15,33,23,7
246,47,29,36,42,25,20
247,34,25,3,43,33,6
248,15,23,21,29,44,6
249,49,18,30,10,22,27
250,15,27,35,17,7,44
251,22,44,42,10,14,49
252,20,3,9,39,24,11
253,18,3,26,16,13,5
254,40,45,24,33,13,9
255,13,18,32,38,46,26
256,22,13,42,36,26,38
257,31,43,44,13,32,16
258,6,19,36,25,2,32
259,7,48,17,26,10,15
260,13,34,39,28,15,37
261,12,37,4,30,46,36
262,30,22,19,34,32,15
263,25,16,27,33,26,22
264,28,8,43,31,18,24
265,19,36,48,23,41,29
266,13,12,18,38,25,33
267,11,36,41,38,43,18
268,12,45,25,18,30,21
269,37,10,35,41,20,43
270,23,28,36,3,2,38
271,37,43,38,36,40,20
272,35,17,48,45,36,1
273,38,40,43,33,32,29
274,10,15,3,43,37,28
275,13,26,45,2,11,31
276,48,24,29,23,7,32
277,47,9,41,2,30,10
278,30,17,49,27,3,5
279,11,31,35,18,7,22
280,17,26,1,29,6,10
281,49,29,45,31,39,26
282,8,42,6,47,2,20
283,3,24,27,29,26,23
284,24,2,13,30,26,27
285,36,33,26,3,10,14
286,26,33,38,30,3,23
287,44,20,25,16,31,24
288,23,17,9,44,11,31
289,49,26,24,19,11,15
290,18,6,32,30,24,40
291,49,27,26,41,16,31
292,12,13,15,38,43,34
293,24,8,10,13,28,44
294,14,20,24,9,4,39
295,16,20,39,49,28,22
296,48,25,2,22,31,43
297,21,34,18,32,35,10
298,30,27,9,40,44,7
299,49,16,6,43,36,9
300,14,23,22,30,6,15
301,12,46,49,47,35,45
302,46,17,8,26,15,23
303,33,37,19,47,22,26
304,49,46,26,12,22,39
305,13,19,33,42,3,28
306,18,24,17,46,41,12
307,45,48,33,5,9,15
308,35,47,6,20,5,45
309,27,38,34,11,5,47
310,36,40,8,33,5,49
311,25,47,43,6,18,20
312,6,23,2,43,13,40
313,31,10,39,11,35,29
314,18,38,41,33,6,7
315,39,38,26,24,18,16
316,31,37,32,38,22,13
317,12,32,4,30,41,33
318,13,8,15,2,1,37
319,33,29,39,17,41,13
320,16,7,22,13,1,6
321,46,41,17,6,29,2
322,14,4,13,34,12,40
323,8,12,42,6,20,29
324,2,47,23,48,33,8
325,23,44,6,5,45,11
326,23,12,36,38,41,17
327,8,48,28,23,7,17
328,36,49,16,2,47,19
329,23,37,42,47,21,48
330,30,11,23,1,6,43
331,5,10,25,18,35,27
332,3,31,22,35,40,18
333,43,34,7,30,28,3
334,3,20,45,42,11,31
335,19,30,33,31,1,41
336,30,37,33,34,29,16
337,5,4,27,3,41,37
338,25,28,39,40,17,37
339,12,6,46,37,47,17
340,49,23,13,10,8,38
341,45,7,36,24,21,25
342,48,9,32,20,17,6
343,4,3,13,31,34,49
344,29,43,36,4,30,47
345,11,16,27,3,45,4
346,11,40,47,22,9,48
347,4,23,20,2,14,43
348,45,23,16,35,24,1
349,12,18,29,49,9,11
350,35,47,26,16,18,48
351,34,35,25,2,8,10
352,1,36,38,29,15,21
353,33,22,3,2,34,11
354,17,29,14,46,11,23
355,4,12,47,26,11,17
356,20,18,10,38,22,41
357,15,33,23,9,47,24
358,30,25,1,5,18,9
359,13,4,11,8,9,27
360,15,14,36,21,11,9
361,44,9,7,34,33,29
362,23,32,37,27,46,39
363,37,20,21,32,6,44
364,3,46,26,36,17,10
365,46,36,47,6,25,38
366,31,47,29,40,7,5
367,17,36,45,47,19,10
368,27,21,31,4,19,35
369,13,16,34,15,17,9
370,9,35,39,12,46,18
371,21,45,29,15,26,27
372,27,13,16,35,45,11
373,23,1,30,6,20,46
374,42,45,43,5,31,46
375,5,19,25,47,45,38
376,16,17,5,11,26,39
377,20,10,38,24,5,19
378,19,11,36,35,43,30
379,35,4,30,26,47,3
380,45,19,16,33,38,26
381,28,30,9,22,41,4
382,4,9,3,49,39,19
383,22,10,31,6,23,8
384,17,8,32,25,6,33
385,32,26,5,34,19,3
386,35,36,25,32,10,48
387,41,6,17,21,12,35
388,5,19,2,18,7,20
389,13,12,3,31,2,37
390,7,9,43,47,42,31
391,9,20,33,38,41,4
392,8,9,48,5,18,46
393,7,9,37,35,8,46
394,35,46,34,47,41,37
395,3,22,21,15,10,41
396,38,4,26,12,20,13
397,27,18,2,1,39,45
398,5,21,34,14,11,35
399,38,22,14,37,19,23
400,16,17,24,21,48,32
401,13,25,8,21,37,44
402,1,48,24,4,33,3
403,34,13,33,29,7,49
404,18,34,32,40,49,46
405,6,8,37,27,39,5
406,10,22,2,33,45,11
407,12,30,36,14,4,45
408,5,27,6,8,30,48
409,36,14,4,13,1,29
410,41,22,13,34,3,27
411,49,34,7,8,33,16
412,36,39,22,7,8,28
413,37,43,41,11,20,7
414,14,29,39,5,4,23
415,44,21,7,1,41,34
416,33,6,25,5,31,49
417,15,23,9,5,25,28
418,3,9,20,39,15,46
419,41,18,11,34,30,21
420,48,20,26,24,1,9
421,2,38,29,7,48,26
422,14,47,21,27,39,45
423,44,17,7,35,38,16
424,37,15,22,8,36,2
425,32,22,3,35,29,17
426,38,28,1,2,36,42
427,27,48,19,2,39,25
428,25,38,34,6,4,15
429,38,28,13,14,6,33
430,11,24,46,30,38,19
431,3,6,27,20,29,48
432,12,28,36,24,38,22
433,15,44,19,7,37,30
434,3,10,24,48,13,47
435,25,21,46,26,28,11
436,31,10,16,33,38,8
437,9,45,10,35,43,13
438,44,39,18,2,41,22
439,3,19,39,37,6,4
440,25,4,6,20,22,44
441,42,26,44,9,32,5
442,49,27,42,13,21,15
443,40,6,3,28,2,42
444,36,28,41,27,24,43
445,43,13,38,17,28,31
446,30,13,46,38,8,33
447,49,25,17,36,6,21
448,11,20,45,7,26,4
449,2,7,39,36,9,33
450,44,7,5,47,23,36
451,36,6,42,4,8,5
452,16,5,18,11,4,9
453,36,46,39,43,41,25
454,28,46,45,48,30,19
455,32,15,3,14,39,43
456,2,48,30,44,26,18
457,40,19,5,30,3,32
458,43,1,33,44,34,31
459,27,22,1,14,28,17
460,41,43,16,6,22,48
461,22,13,6,41,17,43
462,3,46,5,2,1,22
463,25,28,48,19,30,10
464,45,32,1,7,23,44
465,39,14,31,38,12,21
466,10,48,9,3,27,22
467,32,27,33,24,22,12
468,37,26,15,49,6,10
469,10,9,22,23,25,16
470,12,30,39,31,7,46
471,1,47,33,35,14,8
472,7,35,25,37,31,15
473,41,19,40,39,5,4
474,36,15,8,23,13,43
475,6,38,45,27,15,33
476,43,41,37,13,29,47
477,25,37,5,27,17,19
478,4,34,49,23,40,48
479,41,26,38,14,13,32
480,32,43,4,46,12,35
481,13,1,10,12,19,2
482,4,6,13,41,2,44
483,4,30,35,10,1,25
484,9,41,37,36,39,49
485,4,12,18,14,22,37
486,47,4,28,39,43,16
487,34,42,8,16,13,15
488,27,22,35,10,48,23
489,46,35,40,27,7,24
490,21,17,45,46,18,1
491,7,9,47,40,31,17
492,37,12,38,14,23,22
493,22,25,27,5,1,23
494,27,13,34,36,25,48
495,7,33,45,3,11,18
496,37,9,35,1,42,29
497,14,24,33,44,5,16
498,47,13,28,41,32,27
499,7,43,27,13,17,42
500,34,9,28,11,31,21
501,24,37,19,16,32,17
502,6,9,40,27,24,17
503,13,26,5,20,47,43
504,17,6,5,49,21,31
505,8,5,20,23,16,25
506,46,7,12,33,15,26
507,6,45,17,34,33,27
508,2,26,5,20,12,37
509,21,2,24,41,1,12
510,29,45,25,7,2,44
511,19,7,1,23,44,22
512,4,6,8,45,48,39
513,15,25,7,19,9,47
514,27,15,34,36,7,25
515,45,32,36,9,48,31
516,49,34,33,10,48,43
517,46,12,36,37,35,13
518,14,42,37,41,47,49
519,44,22,8,29,1,36
520,40,3,13,18,16,30
521,19,15,43,34,26,22
522,14,37,48,44,11,22
523,23,7,15,31,43,28
524,2,17,1,28,21,44
525,37,9,5,24,12,21
526,48,23,19,4,29,24
527,47,46,3,4,33,8
528,13,16,24,22,25,4
529,34,30,49,1,15,44
530,32,34,7,22,37,31
531,13,33,16,25,1,9
532,20,7,1,33,19,43
533,46,28,17,44,20,22
534,3,14,10,47,2,26
535,42,36,15,48,35,32
536,20,44,45,12,19,9
537,44,49,47,30,12,13
538,11,46,10,33,5,6
539,36,1,34,35,27,38
540,12,40,30,29,9,5
541,6,43,11,10,7,13
542,12,41,31,23,48,44
543,26,49,34,1,12,14
544,10,42,43,34,45,36
545,29,33,6,4,42,12
546,14,44,40,30,22,5
547,23,42,49,1,41,3
548,10,3,31,47,28,38
549,14,31,16,24,1,27
550,49,41,3,26,7,31
551,14,42,37,4,33,20
552,40,48,34,19,21,44
553,38,14,23,34,17,42
554,43,8,32,2,1,27
555,6,24,20,9,38,36
556,28,21,12,7,23,11
557,15,38,45,9,29,28
558,25,39,37,20,38,3
559,49,35,44,26,7,18
560,13,12,33,29,5,17
561,5,47,41,13,12,6
562,10,27,37,30,16,13
563,15,31,30,39,7,25
564,2,18,1,42,17,7
565,40,48,4,12,30,7
566,38,2,5,25,27,11
567,39,26,38,5,36,6
568,1,26,12,23,44,35
569,13,43,6,20,3,23
570,29,31,37,36,16,41
571,31,45,8,18,38,19
572,6,19,40,49,45,30
573,5,27,43,22,20,13
574,46,18,33,40,7,24
575,19,1,22,38,18,39
576,20,22,32,36,33,5
577,5,8,45,11,22,9
578,19,23,12,17,4,16
579,29,11,15,7,5,9
580,32,39,38,36,27,35
581,11,43,2,28,48,42
582,32,4,3,45,36,43
583,4,39,23,1,5,47
584,39,7,21,31,4,9
585,25,32,48,31,47,39
586,13,33,37,36,34,21
587,33,42,43,45,1,37
588,15,41,21,33,49,34
589,25,19,24,13,14,41
590,8,33,36,34,9,5
591,42,29,37,5,43,20
592,38,7,17,13,25,24
593,14,6,13,46,37,9
594,41,18,47,29,45,21
595,18,12,7,46,4,33
596,45,7,9,34,25,11
597,36,37,17,4,12,26
598,29,9,5,30,27,34
599,12,35,29,19,1,23
600,31,15,4,35,18,24
601,47,46,34,22,26,6
602,37,33,29,23,14,30
603,31,20,39,22,13,18
604,33,21,24,1,28,5
605,9,40,18,42,16,32
606,8,19,46,31,15,11
607,8,33,24,29,7,48
608,9,7,26,44,39,35
609,7,48,40,37,19,38
610,20,9,48,14,12,35
611,39,48,1,20,23,21
612,18,35,6,36,3,48
613,29,34,24,6,14,1
614,28,40,27,29,30,9
615,29,34,3,4,5,27
616,1,31,27,17,4,32
617,27,32,18,2,24,28
618,4,9,37,8,35,12
619,45,33,24,25,29,23
620,23,45,2,30,37,13
621,16,4,17,38,46,36
622,36,34,5,9,6,3
623,40,8,39,26,15,7
624,12,7,40,23,4,10
625,27,18,40,35,32,26
626,11,35,4,39,40,38
627,18,16,20,5,38,15
628,39,2,1,41,11,25
629,28,48,33,9,12,14
630,23,20,13,3,9,32
631,48,49,14,35,39,28
632,1,9,7,18,2,29
633,13,34,2,6,11,49
634,10,19,32,39,35,13
635,4,18,8,22,15,48
636,34,43,32,39,17,6
637,13,5,41,23,16,48
638,41,20,2,46,17,10
639,40,21,3,45,49,41
640,49,38,32,36,10,22
641,42,15,10,16,44,14
642,44,48,19,42,49,28
643,41,39,8,18,1,4
644,33,7,20,24,17,14
645,15,38,46,41,32,6
646,32,40,31,16,12,13
647,15,17,37,48,28,27
648,10,42,2,20,35,19
649,18,26,45,11,32,28
650,2,27,15,36,35,30
651,15,29,34,33,22,26
652,9,32,16,3,11,17
653,43,40,4,44,6,49
654,42,6,36,45,37,19
655,27,22,32,28,15,14
656,8,3,11,1,10,36
657,25,17,10,44,45,41
658,33,18,41,5,38,3
659,10,40,43,13,46,27
660,21,40,12,25,35,27
661,44,7,14,4,20,22
662,11,9,26,10,30,6
663,43,19,29,12,38,20
664,2,31,33,36,1,18
665,26,32,29,8,27,37
666,31,26,32,38,45,36
667,16,14,19,20,25,13
668,28,14,16,24,23,42
669,39,18,12,30,25,36
670,49,6,14,35,24,3
671,40,48,8,38,43,4
672,42,5,46,2,43,24
673,38,12,3,27,24,35
674,43,25,31,7,17,39
675,25,27,28,14,22,7
676,20,49,21,15,19,2
677,27,29,36,19,44,25
678,45,40,30,37,43,27
679,2,17,33,37,34,42
680,11,19,13,6,24,48
681,34,20,12,45,9,1
682,19,22,45,34,48,32
683,47,38,31,44,18,39
684,48,26,36,5,25,38
685,44,12,26,23,45,43
686,25,3,14,36,46,2
687,47,11,26,41,28,16
688,47,41,22,9,33,3
689,41,45,37,14,8,5
690,15,7,8,40,33,49
691,7,38,30,29,28,21
692,42,19,22,5,45,23
693,17,43,37,40,29,16
694,20,28,38,15,48,37
695,9,39,23,36,3,22
696,49,32,19,47,42,22
697,15,21,4,3,5,8
698,14,13,39,45,4,32
699,9,29,31,39,3,21
700,13,18,31,48,24,19
701,23,15,4,31,35,47
702,20,42,9,24,12,44
703,36,8,34,6,5,49
704,14,16,33,19,17,49
705,38,41,45,44,8,34
706,47,28,40,27,9,34
707,39,16,9,8,18,26
708,16,34,3,12,28,15
709,10,40,42,37,26,27
710,10,19,1,16,18,14
711,49,42,34,10,19,41
712,49,24,44,5,22,38
713,10,9,14,43,25,35
714,25,15,43,35,36,37
715,10,11,2,12,49,39
716,3,39,33,40,2,17
717,20,24,13,11,31,3
718,43,24,36,32,12,19
719,5,37,11,36,6,39
720,7,14,20,37,43,27
721,33,39,23,2,12,24
722,4,40,13,27,29,16
723,38,29,16,8,28,36
724,39,5,46,18,32,37
725,1,22,18,47,26,32
726,46,18,43,8,20,35
727,45,20,35,16,43,13
728,27,32,34,15,21,1
729,33,22,4,42,17,6
730,47,37,17,48,7,41
731,48,1,46,2,32,26
732,17,3,26,21,29,34
733,9,23,41,37,43,4
734,43,14,42,49,4,28
735,11,2,9,10,38,12
736,29,39,33,6,5,26
737,42,47,23,20,25,5
738,46,38,23,15,18,3
739,17,5,16,33,32,27
740,25,32,20,28,6,30
741,12,37,9,41,15,46
742,43,12,2,4,8,39
743,2,42,45,33,41,28
744,20,30,28,8,5,49
745,11,15,19,38,21,44
746,33,30,10,47,5,49
747,21,24,43,20,13,2
748,26,35,38,17,5,23
749,32,4,40,44,47,22
750,32,1,45,41,44,37
751,30,13,12,24,15,19
752,48,36,24,21,47,37
753,1,12,28,38,16,49
754,7,22,9,29,2,32
755,13,18,47,14,15,7
756,28,49,20,22,8,7
757,13,46,36,39,21,35
758,25,16,18,20,23,46
759,38,30,11,7,5,2
760,33,37,31,25,28,8
761,21,37,34,29,48,7
762,23,30,39,14,40,35
763,25,46,4,2,24,10
764,21,14,26,19,3,28
765,2,33,38,6,36,34
766,37,32,30,13,18,4
767,9,15,25,30,17,6
768,22,19,12,28,29,23
769,15,24,46,38,33,3
770,14,13,17,38,21,7
771,13,49,8,17,28,48
772,6,37,34,17,9,14
773,16,35,21,14,34,45
774,28,16,19,36,46,4
775,18,49,20,11,30,9
776,43,12,24,36,7,16
777,42,18,41,7,35,26
778,9,24,2,42,25,28
779,22,38,29,37,13,25
780,37,11,47,44,31,13
781,8,4,48,12,29,33
782,37,17,32,21,26,27
783,16,5,40,45,14,25
784,44,35,34,29,36,32
785,12,24,8,30,4,40
786,22,28,48,39,20,24
787,7,33,26,45,38,43
788,12,2,28,32,7,25
789,18,1,37,34,43,11
790,10,32,37,23,45,39
791,47,41,23,10,21,45
792,40,11,47,31,38,29
793,42,21,24,43,44,2
794,38,10,3,4,6,17
795,14,47,24,2,13,33
796,23,14,39,37,46,8
797,49,16,29,32,48,42
798,6,32,36,46,8,48
799,49,24,10,18,27,23
800,39,44,27,31,5,25
801,47,33,10,16,27,2
802,4,42,46,41,26,37
803,6,39,42,44,49,38
804,36,27,48,2,6,26
805,40,18,25,33,39,43
806,40,26,32,22,23,36
807,45,46,1,34,8,13
808,20,42,39,2,25,28
809,3,8,38,25,1,14
810,3,4,46,9,44,15
811,2,12,19,17,45,26
812,27,10,7,34,32,9
813,1,14,35,41,7,11
814,15,8,21,2,18,45
815,48,11,31,8,43,21
816,17,5,15,31,42,43
817,32,46,9,40,17,29
818,22,13,24,3,5,34
819,27,28,11,8,12,14
820,14,2,23,20,47,49
821,16,5,33,4,36,20
822,4,5,32,10,22,46
823,2,7,46,4,6,16
824,6,49,24,16,5,9
825,21,35,43,5,7,46
826,23,10,25,13,44,39
827,13,46,31,35,30,12
828,19,16,21,39,7,28
829,47,38,10,25,20,15
830,37,34,26,18,40,11
831,12,36,24,16,43,10
832,41,2,27,28,30,42
833,6,48,34,12,22,38
834,38,28,6,2,22,23
835,9,29,45,5,3,11
836,35,31,7,27,26,19
837,48,21,24,4,39,1
838,47,8,6,15,11,26
839,4,40,34,17,42,49
840,7,11,12,10,46,37
841,6,34,36,9,26,16
842,6,38,47,34,32,14
843,24,44,37,45,8,41
844,44,20,48,49,1,25
845,17,9,44,21,32,35
846,41,8,38,21,9,36
847,32,39,17,19,5,47
848,2,41,29,43,44,48
849,16,25,14,36,8,33
850,29,38,44,27,18,17
851,11,2,34,36,48,8
852,27,23,37,4,30,8
853,22,49,18,7,47,6
854,38,20,25,40,4,3
855,22,29,11,9,2,39
856,15,7,6,24,34,28
857,41,11,9,45,42,19
858,41,12,46,15,40,37
859,7,4,10,32,46,45
860,17,5,25,20,43,23
861,13,21,49,3,40,43
862,23,46,18,17,47,15
863,43,23,25,3,22,17
864,15,32,21,7,23,40
865,28,30,49,29,34,25
866,8,5,36,3,2,41
867,26,44,7,16,25,11
868,41,10,28,36,27,16
869,6,26,13,24,47,34
870,44,2,24,15,48,33
871,15,39,44,36,19,33
872,33,32,37,41,8,45
873,4,46,28,30,49,17
874,14,49,36,11,35,8
875,7,31,35,12,48,44
876,21,41,15,1,37,34
877,25,36,29,49,47,31
878,35,10,3,33,48,34
879,17,13,35,9,30,39
880,34,26,2,16,36,43
881,40,19,11,37,20,6
882,32,1,49,40,30,20
883,41,36,10,20,17,12
884,37,45,4,25,5,6
885,39,32,49,24,25,15
886,48,17,49,19,32,29
887,25,46,15,4,7,22
888,43,16,6,29,25,37
889,36,44,28,23,25,21
890,13,37,32,21,7,33
891,1,40,42,47,25,35
892,46,26,43,30,38,21
893,26,48,8,2,39,25
894,46,6,20,45,32,24
895,32,40,22,14,9,18
896,17,32,49,37,35,41
897,8,34,9,35,18,40
898,12,10,1,3,47,35
899,3,45,22,48,10,13
900,28,21,17,23,4,48
901,11,34,30,3,9,5
902,33,45,25,10,4,48
903,2,33,26,24,12,16
904,43,24,39,4,32,7
905,1,45,43,48,9,21
906,34,29,48,30,4,27
907,28,29,18,4,17,16
908,29,38,6,25,8,34
909,6,37,29,32,18,42
910,13,37,25,12,30,46
911,2,14,12,3,25,17
912,1,9,17,20,22,49
913,48,14,12,1,17,23
914,4,49,29,23,31,1
915,10,12,3,48,36,4
916,44,16,27,33,31,11
917,30,34,38,4,6,27
918,24,21,13,37,39,6
919,45,36,11,44,42,16
920,44,11,22,5,15,47
921,1,46,25,27,17,36
922,36,8,22,31,44,12
923,31,6,34,4,44,49
924,23,2,9,18,33,32
925,5,23,13,9,2,4
926,45,33,40,21,35,5
927,10,38,5,7,14,45
928,14,6,33,11,5,49
929,46,49,13,8,43,47
930,15,48,5,8,30,1
931,3,45,26,40,47,32
932,5,3,44,26,42,9
933,18,46,11,41,5,10
934,28,38,23,15,35,3
935,1,25,20,17,22,4
936,44,49,20,30,15,6
937,41,14,48,8,6,49
938,37,43,6,46,17,7
939,35,39,19,47,43,20
940,6,19,47,9,31,36
941,13,33,40,9,12,36
942,43,33,3,44,29,37
943,31,8,2,6,10,19
944,31,44,35,32,7,43
945,8,31,37,49,2,6
946,2,22,30,5,41,27
947,49,21,17,32,34,11
948,17,23,43,1,28,47
949,28,40,19,4,41,14
950,24,11,14,44,41,16
951,25,10,44,27,31,11
952,35,18,12,2,17,7
953,38,28,31,15,6,32
954,39,11,21,13,47,30
955,30,34,11,40,33,19
956,13,26,33,27,31,21
957,44,25,2,29,46,45
958,5,12,38,2,14,48
959,20,34,15,7,3,17
960,48,11,45,12,30,32
961,33,28,19,9,17,10
962,4,29,47,1,30,43
963,23,3,13,25,19,32
964,31,37,27,47,22,45
965,8,37,13,25,36,21
966,15,1,35,17,11,21
967,40,32,45,24,48,26
968,21,45,19,38,27,18
969,21,34,4,49,9,46
970,40,33,29,27,13,39
971,8,22,48,27,21,16
972,28,3,22,45,39,26
973,28,11,14,29,13,33
974,19,44,22,23,12,32
975,26,41,4,46,30,16
976,19,42,1,32,33,47
977,25,23,38,46,27,5
978,11,24,19,4,41,20
979,15,49,28,25,23,47
980,12,22,15,31,25,32
981,41,5,48,43,21,32
982,23,49,17,45,32,24
983,29,17,1,46,25,31
984,13,19,25,1,15,6
985,28,47,38,31,9,40
986,33,26,49,22,12,2
987,45,5,39,30,24,46
988,42,39,48,33,24,41
989,20,11,16,36,15,49
990,4,36,6,46,32,44
991,30,42,23,16,8,39
992,30,22,17,6,18,28
993,40,36,19,2,18,12
994,2,11,32,34,38,28
995,23,22,36,6,20,33
996,12,34,17,16,20,15
997,46,29,35,44,2,4
998,47,6,28,36,1,20
999,34,35,1,5,36,47
1000,17,49,22,10,45,33
1001,2,24,39,16,4,10
1002,40,28,5,12,19,44
1003,39,36,47,6,1,3
1004,22,16,47,34,48,20
1005,45,16,3,9,34,13
1006,25,23,45,18,11,36
1007,35,1,15,27,3,14
1008,41,36,4,15,32,20
1009,35,5,16,25,36,9
1010,13,28,46,35,44,39
1011,10,27,2,41,45,37
1012,24,8,3,26,21,25
1013,19,29,5,34,41,2
1014,9,25,5,35,40,33
1015,25,28,9,45,34,43
1016,43,42,18,2,16,15
1017,40,18,7,29,33,14
1018,46,25,42,23,26,16
1019,9,46,34,11,18,35
1020,21,15,27,37,29,14
1021,8,48,22,2,41,27
1022,3,8,11,26,48,46
1023,16,1,47,25,26,15
1024,43,17,34,35,47,3
1025,6,23,7,30,21,46
1026,46,36,45,7,35,13
1027,2,45,27,4,38,48
1028,22,10,4,6,18,9
1029,11,38,36,1,27,16
1030,33,5,30,44,4,27
1031,18,36,32,49,29,6
1032,15,44,16,19,31,23
1033,18,25,45,23,27,40
1034,26,42,45,8,1,5
1035,32,44,21,38,35,16
1036,1,18,10,30,17,44
1037,46,29,30,1,10,2
1038,43,19,27,11,14,46
1039,45,8,5,37,19,1
1040,3,48,14,47,9,16
1041,4,25,6,17,48,14
1042,30,21,38,33,8,11
1043,16,19,48,25,32,10
1044,34,1,17,10,39,18
1045,32,25,45,43,40,2
1046,46,41,12,44,39,22
1047,14,35,29,8,23,21
1048,24,38,26,28,7,17
1049,47,30,45,37,12,17
1050,32,17,46,5,48,33
1051,28,23,24,45,10,37
1052,38,37,1,33,41,15
1053,11,34,1,7,37,18
1054,18,37,8,43,26,45
1055,38,6,36,22,48,47
1056,36,30,20,4,5,10
1057,27,4,47,15,10,41
1058,19,17,5,2,41,28
1059,45,13,15,32,2,23
1060,43,48,31,33,24,45
1061,37,33,10,43,49,40
1062,16,48,46,36,42,26
1063,48,43,38,6,10,36
1064,34,25,44,18,39,24
1065,1,27,14,23,30,40
1066,35,16,14,7,46,40
1067,29,15,21,46,36,18
1068,16,10,14,24,3,6
1069,11,8,44,10,46,35
1070,26,41,38,18,4,36
1071,16,28,17,43,20,36
1072,23,5,26,42,17,34
1073,44,48,1,34,2,25
1074,15,10,26,9,6,47
1075,38,3,12,16,28,18
1076,28,40,3,17,34,49
1077,22,21,18,17,41,8
1078,32,3,28,14,8,29
1079,48,34,20,27,47,2
1080,49,31,38,44,14,10
1081,26,1,32,18,12,7
1082,11,2,38,32,41,30
1083,31,1,36,39,24,14
1084,33,18,6,42,37,35
1085,30,44,27,29,28,45
1086,14,45,46,9,22,8
1087,10,17,47,11,12,23
1088,44,3,24,1,49,2
1089,31,9,7,17,10,47
1090,2,12,26,19,37,25
1091,11,21,20,8,41,34
1092,45,41,47,42,40,10
1093,13,16,32,7,10,36
1094,44,2,13,39,12,19
1095,29,10,2,30,3,18
1096,31,3,10,47,25,8
1097,14,43,23,21,33,16
1098,21,46,26,32,3,35
1099,5,28,26,35,12,47
1100,10,13,37,44,14,46
1101,26,49,9,20,48,6
1102,41,1,20,46,36,14
1103,32,25,11,21,14,38
1104,46,26,11,19,28,6
1105,8,18,44,27,2,13
1106,10,15,18,47,34,48
1107,8,35,4,28,40,22
1108,34,26,36,29,11,25
1109,41,16,14,8,29,47
1110,45,41,38,46,23,33
1111,21,20,9,5,2,14
1112,17,13,5,1,20,9
1113,43,39,4,28,20,5
1114,11,35,13,1,33,14
1115,28,6,49,18,9,36
1116,42,47,44,45,6,24
1117,36,29,4,1,45,42
1118,32,40,9,31,21,28
1119,23,46,8,11,48,13
1120,33,5,4,18,16,8
1121,47,21,1,40,31,39
1122,15,34,31,37,6,24
1123,25,4,19,41,20,36
1124,16,38,19,27,41,45
1125,29,8,2,34,46,37
1126,41,14,49,25,2,44
1127,26,28,44,46,3,45
1128,3,21,45,19,4,29
1129,40,13,45,9,43,41
1130,4,5,30,23,36,1
1131,15,21,24,47,16,18
1132,2,3,24,40,6,43
1133,21,11,44,43,32,5
1134,36,6,34,13,47,49
1135,20,26,39,25,14,21
1136,35,42,17,41,28,33
1137,9,44,5,16,31,10
1138,9,15,12,27,44,46
1139,18,47,5,14,46,6
1140,6,15,42,43,45,32
1141,16,40,9,36,37,43
1142,22,23,11,39,42,8
1143,39,5,19,13,15,32
1144,48,17,34,25,14,5
1145,3,37,6,22,2,10
1146,24,4,42,25,37,20
1147,24,7,34,2,9,37
1148,30,13,1,42,34,19
1149,1,43,21,45,26,20
1150,11,48,3,19,10,5
1151,13,27,37,8,23,12
1152,39,7,4,13,36,22
1153,30,42,44,18,10,31
1154,27,20,25,46,22,11
1155,30,16,4,9,13,2
1156,25,35,30,4,11,14
1157,24,7,46,35,3,27
1158,24,43,1,25,46,22
1159,1,27,34,49,14,6
1160,42,25,38,22,27,15
1161,15,31,26,4,42,17
1162,9,38,45,21,20,5
1163,22,31,34,47,10,49
1164,12,26,9,45,4,47
1165,2,41,42,6,39,12
1166,24,16,28,21,6,33
1167,42,44,10,3,33,27
1168,38,32,31,49,3,4
1169,16,42,2,6,46,30
1170,7,5,36,41,4,32
1171,14,4,19,49,34,38
1172,47,3,49,6,7,24
1173,6,44,1,4,19,8
1174,38,17,5,11,36,13
1175,6,11,25,9,12,1
1176,48,6,4,30,13,26
1177,19,26,45,25,22,3
1178,41,13,21,43,45,28
1179,40,39,14,46,7,41
1180,34,21,25,14,46,43
1181,22,18,5,28,29,15
1182,18,19,35,23,45,13
1183,22,47,15,14,41,2
1184,33,25,30,17,13,31
1185,11,25,43,42,30,23
1186,32,43,40,44,2,26
1187,27,23,2,44,48,38
1188,21,10,40,23,3,38
1189,9,10,27,5,38,33
1190,16,7,26,25,31,13
1191,19,42,22,18,43,20
1192,11,36,7,31,19,12
1193,12,31,46,17,6,5
1194,6,35,3,1,43,42
1195,16,37,7,33,28,36
1196,7,19,22,6,5,45
1197,15,11,41,14,9,42
1198,35,44,17,10,22,18
1199,21,35,46,20,5,31
1200,17,42,39,30,36,4
1201,2,42,1,44,19,8
1202,17,15,19,11,7,9
1203,29,32,43,30,21,4
1204,34,23,1,18,5,11
1205,38,9,24,10,7,4
1206,36,18,41,24,23,10
1207,49,4,44,37,7,31
1208,17,3,38,44,20,40
1209,4,18,32,21,17,34
1210,23,22,43,8,9,27
1211,42,15,34,43,48,39
1212,25,49,42,29,5,24
1213,16,5,18,28,43,30
1214,16,30,1,23,20,8
1215,7,30,16,39,23,5
1216,23,45,12,25,2,10
1217,24,16,38,27,11,3
1218,33,27,2,40,42,20
1219,38,27,49,17,13,44
1220,40,6,27,5,25,49
1221,25,10,34,15,36,39
1222,20,37,8,31,27,9
1223,7,5,8,25,37,6
1224,22,17,4,42,30,3
1225,37,30,27,38,17,45
1226,18,23,36,7,47,8
1227,22,31,30,4,42,39
1228,24,38,48,11,12,29
1229,43,14,49,23,3,6
1230,30,1,16,9,41,34
1231,29,43,33,10,27,36
1232,20,39,3,5,49,41
1233,48,30,46,13,21,29
1234,40,45,38,8,11,34
1235,11,35,39,4,2,1
1236,1,29,41,39,18,46
1237,23,31,20,19,38,7
1238,48,21,12,9,5,46
1239,22,20,2,36,1,8
1240,41,32,21,5,4,16
1241,8,30,37,11,21,45
1242,23,42,21,30,4,12
1243,1,21,18,6,31,3
1244,13,45,42,14,48,41
1245,49,2,19,44,9,35
1246,5,40,8,12,38,16
1247,13,25,22,15,34,11
1248,18,13,21,4,16,11
1249,1,32,34,49,24,17
1250,1,38,25,2,11,6
1251,47,13,6,3,32,17
1252,17,32,39,48,43,41
1253,4,20,15,2,10,19
1254,11,13,2,43,12,39
1255,48,30,19,38,36,29
1256,39,19,14,12,26,16
1257,7,6,16,26,18,9
1258,8,49,38,17,33,28
1259,20,15,4,39,46,3
1260,38,3,48,30,1,12
1261,2,40,22,44,42,30
1262,9,28,12,46,8,19
1263,13,47,17,44,27,6
1264,33,31,28,4,5,26
1265,11,32,28,37,36,48
1266,15,17,21,49,30,25
1267,26,30,8,24,35,23
1268,49,4,26,32,27,43
1269,16,15,5,22,7,40
1270,7,14,44,27,45,4
1271,4,38,39,11,15,36
1272,47,16,11,38,10,26
1273,25,48,28,38,1,24
1274,41,20,7,5,9,3
1275,14,16,44,2,27,9
1276,25,7,9,37,43,29
1277,16,14,7,47,21,27
1278,38,3,28,31,32,18
1279,48,27,29,23,8,20
1280,48,46,5,30,19,32
1281,26,16,37,36,13,22
1282,48,17,43,2,13,15
1283,18,11,24,39,12,34
1284,23,24,8,45,40,35
1285,15,36,20,24,2,6
1286,20,25,45,48,37,21
1287,21,30,39,46,3,9
1288,5,14,10,23,26,40
1289,4,32,36,8,1,24
1290,32,5,4,49,44,12
1291,3,6,37,7,48,28
1292,21,38,7,6,49,13
1293,30,6,17,41,4,28
1294,5,15,28,41,32,7
1295,44,35,36,19,21,42
1296,46,22,47,43,27,28
1297,44,19,35,6,9,10
1298,8,32,11,19,29,17
1299,2,28,41,27,26,3
1300,10,21,24,22,37,23
1301,18,37,27,10,44,5
1302,49,21,24,28,39,16
1303,13,3,18,12,21,45
1304,23,47,28,7,39,9
1305,19,12,32,7,33,17
1306,21,5,44,48,11,49
1307,8,15,30,42,39,35
1308,30,10,11,45,15,37
1309,23,30,44,13,2,15
1310,37,11,35,27,12,4
1311,17,15,41,39,45,40
1312,42,20,5,4,23,38
1313,32,14,37,40,47,49
1314,38,49,10,1,46,22
1315,40,2,45,13,11,5
1316,34,30,47,46,45,26
1317,19,46,30,33,36,17
1318,18,33,17,12,44,28
1319,5,44,12,9,29,16
1320,43,36,2,42,32,28
1321,8,27,47,2,25,3
1322,4,12,5,19,33,2
1323,35,20,10,31,3,32
1324,16,36,34,30,43,27
1325,1,49,21,34,2,12
1326,47,35,17,33,23,11
1327,48,10,17,31,25,29
1328,18,34,5,28,33,2
1329,37,34,27,46,4,28
1330,37,17,26,39,35,4
1331,3,29,23,40,39,9
1332,5,14,30,34,22,18
1333,30,33,5,2,34,19
1334,21,12,42,8,37,2
1335,47,8,35,18,26,2
1336,3,1,47,19,28,34
1337,6,11,39,43,33,9
1338,17,40,3,31,19,41
1339,20,40,19,32,39,29
1340,12,4,24,42,31,2
1341,27,43,48,29,35,1
1342,34,19,3,20,10,17
1343,9,37,41,33,47,25
1344,4,15,48,2,23,20
1345,2,39,12,36,34,20
1346,23,35,31,5,6,43
1347,12,23,20,11,42,18
1348,31,9,18,29,32,21
1349,45,49,9,37,7,31
1350,2,24,43,49,16,40
1351,15,9,31,21,13,4
1352,4,21,22,27,24,37
1353,14,18,39,21,45,29
1354,14,18,19,24,33,6
1355,30,49,14,46,37,32
1356,29,37,44,3,9,6
1357,35,16,25,9,23,49
1358,1,20,39,21,43,44
1359,33,9,17,49,11,34
1360,24,34,17,8,5,20
1361,12,16,33,45,3,10
1362,1,14,38,47,33,7
1363,2,27,14,45,7,46
1364,24,33,19,28,35,4
1365,1,11,47,22,36,46
1366,43,4,38,25,16,46
1367,47,21,25,22,40,42
1368,6,23,3,35,32,44
1369,3,19,20,23,17,37
1370,30,31,19,49,17,34
1371,24,49,42,3,21,41
1372,49,23,25,24,41,4
1373,19,43,20,18,5,11
1374,28,5,44,10,26,38
1375,25,36,31,8,7,40
1376,2,42,29,39,40,44
1377,3,29,46,32,23,27
1378,23,49,5,2,41,16
1379,4,48,39,44,24,9
1380,6,12,44,27,4,30
1381,38,9,14,45,31,23
1382,21,9,8,22,40,27
1383,2,31,43,24,40,19
1384,41,42,25,28,38,30
1385,3,23,16,12,10,45
1386,5,16,37,32,3,10
1387,31,15,24,18,33,35
1388,37,14,47,28,39,4
1389,19,43,26,27,14,38
1390,29,27,12,25,7,39
1391,45,43,28,14,18,4
1392,48,26,13,28,7,22
1393,44,16,27,48,9,19
1394,42,20,3,34,31,13
1395,33,22,37,36,42,29
1396,14,10,23,30,8,37
1397,42,35,33,39,25,7
1398,34,23,15,47,4,14
1399,29,11,4,45,33,28
1400,3,5,41,44,38,32
1401,34,26,12,32,7,42
1402,21,12,40,44,33,1
1403,6,11,33,19,23,8
1404,24,45,2,49,19,47
1405,34,27,32,10,13,11
1406,7,6,22,21,43,23
1407,45,47,25,18,2,10
1408,42,33,45,5,15,16
1409,24,10,4,48,33,43
1410,34,19,7,43,9,28
1411,40,34,22,36,32,41
1412,42,19,10,37,21,45
1413,10,23,30,21,7,39
1414,28,7,48,14,22,17
1415,48,23,15,37,35,28
1416,42,48,10,5,33,3
1417,20,15,18,7,28,23
1418,22,7,2,40,14,30
1419,3,12,27,18,9,4
1420,39,46,15,11,7,25
1421,33,7,19,47,11,25
1422,19,14,7,34,20,41
1423,22,23,24,9,47,33
1424,32,41,43,25,1,19
1425,47,33,34,16,44,27
1426,24,44,13,23,32,41
1427,26,41,24,25,23,36
1428,11,12,15,30,8,4
1429,7,45,30,17,6,26
1430,8,15,31,45,26,32
1431,22,14,17,33,7,9
1432,7,45,36,15,40,34
1433,35,15,26,17,46,21
1434,39,43,17,8,6,7
1435,26,7,4,42,48,6
1436,30,7,23,12,28,27
1437,35,48,18,34,49,29
1438,30,26,25,48,32,1
1439,12,45,48,38,24,5
1440,31,49,2,46,20,3
1441,13,45,28,17,12,47
1442,26,33,11,9,24,20
1443,2,3,49,25,31,17
1444,30,21,41,32,45,3
1445,26,42,24,20,36,33
1446,20,16,18,23,15,26
1447,4,20,1,10,5,42
1448,37,39,2,32,25,23
1449,1,36,40,21,4,39
1450,30,10,5,27,8,28
1451,13,45,49,26,18,28
1452,38,6,45,36,47,11
1453,14,13,19,12,21,25
1454,44,29,46,6,1,28
1455,4,2,8,5,25,14
1456,8,10,4,49,45,27
1457,12,44,4,36,31,39
1458,8,6,33,31,42,13
1459,26,23,47,21,35,24
1460,15,8,1,29,5,43
1461,46,10,7,5,41,9
1462,48,7,34,40,33,46
1463,42,28,13,6,19,48
1464,13,32,15,43,18,20
1465,27,6,11,44,42,24
1466,12,46,42,20,17,2
1467,43,26,15,11,24,25
1468,5,47,38,39,31,22
1469,16,43,48,14,19,26
1470,1,13,29,6,3,22
1471,18,9,26,34,49,11
1472,40,24,37,2,11,12
1473,25,30,2,49,15,31
1474,33,46,4,36,32,47
1475,22,42,41,30,34,8
1476,14,48,32,11,35,13
1477,5,1,11,45,36,8
1478,12,28,5,34,21,16
1479,3,47,31,25,22,21
1480,6,40,22,32,31,12
1481,8,40,16,4,48,2
1482,42,28,31,3,23,38
1483,15,21,28,38,26,13
1484,41,16,27,24,4,37
1485,1,40,27,35,28,37
1486,32,7,40,1,37,11
1487,32,40,20,35,4,23
1488,6,3,48,25,2,47
1489,22,26,42,6,7,24
1490,22,30,31,29,10,4
1491,25,45,44,37,27,42
1492,6,7,9,37,30,31
1493,5,40,24,20,8,27
1494,39,8,24,46,33,47
1495,36,29,2,28,16,34
1496,25,1,13,34,28,30
1497,36,19,38,44,6,20
1498,21,40,3,13,30,6
1499,43,4,48,29,44,23
1500,8,10,30,26,42,6
1501,27,45,25,8,10,39
1502,37,8,4,10,28,21
1503,5,27,43,18,47,19
1504,25,24,27,17,29,20
1505,22,37,27,45,43,40
1506,14,26,48,43,40,10
1507,36,7,11,15,48,8
1508,10,29,6,19,38,45
1509,21,41,49,30,31,2
1510,42,23,35,44,32,1
1511,21,41,15,5,6,45
1512,32,36,47,49,18,7
1513,49,6,27,20,26,28
1514,44,9,41,1,49,5
1515,38,22,27,24,30,21
1516,39,48,1,43,40,31
1517,6,19,44,33,37,2
1518,10,36,23,12,28,46
1519,27,17,30,8,13,16
1520,11,17,15,49,33,6
1521,4,42,46,43,5,35
1522,13,37,44,25,21,49
1523,40,4,8,10,1,12
1524,40,22,5,33,2,32
1525,28,39,40,25,32,31
1526,28,36,33,22,43,37
1527,43,45,34,27,12,23
1528,17,2,47,40,22,19
1529,34,41,3,12,16,2
1530,8,5,16,26,31,17
1531,9,39,16,3,44,24
1532,25,16,5,46,35,6
1533,14,17,24,8,21,1
1534,20,27,26,28,41,3
1535,30,40,39,36,18,19
1536,45,4,8,44,27,9
1537,26,17,19,30,20,23
1538,28,11,9,24,47,3
1539,39,13,1,24,32,42
1540,9,23,28,35,18,45
1541,44,41,16,13,15,31
1542,7,16,18,8,33,14
1543,45,31,13,30,18,4
1544,44,6,3,11,15,33
1545,4,25,28,48,38,9
1546,43,20,12,40,46,13
1547,28,6,12,16,34,31
1548,39,38,43,40,48,20
1549,2,26,20,5,14,42
1550,9,49,25,36,38,24
1551,21,39,16,6,25,10
1552,3,6,39,45,26,21
1553,8,10,9,45,27,16
1554,27,26,15,10,48,23
1555,35,36,32,40,23,4
1556,4,8,49,42,11,9
1557,2,45,8,22,18,27
1558,29,39,40,42,10,14
1559,35,13,33,27,16,5
1560,27,34,37,8,1,22
1561,27,13,41,7,1,16
1562,20,37,26,31,36,17
1563,23,43,30,44,26,10
1564,21,47,46,36,23,13
1565,36,43,47,11,2,33
1566,25,7,11,6,15,34
1567,18,13,19,5,29,8
1568,3,38,34,17,12,5
1569,47,30,5,28,48,12
1570,8,47,3,13,14,23
1571,29,36,13,17,27,46
1572,12,38,27,35,30,6
1573,47,11,17,35,3,29
1574,40,27,26,30,12,11
1575,47,4,18,20,2,6
1576,26,39,17,10,43,19
1577,49,1,14,45,18,42
1578,29,48,34,12,36,8
1579,34,9,46,37,3,2
1580,28,9,18,3,43,37
1581,40,36,47,42,33,16
1582,41,39,33,3,16,9
1583,8,12,47,40,6,30
1584,34,4,2,3,35,46
1585,2,42,39,22,34,43
1586,9,23,45,21,13,4
1587,23,15,11,47,35,29
1588,48,9,1,30,5,14
1589,4,39,27,23,1,15
1590,10,33,6,4,7,36
1591,25,1,13,23,37,7
1592,48,10,36,2,27,23
1593,36,33,30,4,17,25
1594,36,35,3,24,31,8
1595,4,18,31,8,38,42
1596,33,24,4,40,12,18
1597,4,34,12,25,40,1
1598,46,18,20,14,48,5
1599,38,14,5,21,31,12
1600,16,48,17,46,22,10
1601,23,3,34,27,42,39
1602,43,1,13,25,12,19
1603,44,3,35,13,28,25
1604,17,43,25,21,8,10
1605,3,24,4,37,44,9
1606,13,37,26,17,28,16
1607,45,12,31,32,35,14
1608,20,27,30,31,49,39
1609,15,23,8,36,5,47
1610,12,49,38,39,45,29
1611,46,27,44,5,16,42
1612,43,20,2,8,31,30
1613,25,38,41,1,10,36
1614,28,18,48,40,45,31
1615,7,1,15,36,34,30
1616,31,49,45,37,17,16
1617,39,26,42,38,10,28
1618,39,21,49,26,11,27
1619,5,36,3,35,32,2
1620,26,1,28,12,49,24
1621,12,27,15,9,33,44
1622,22,24,11,19,35,30
1623,40,11,18,33,20,14
1624,36,8,20,34,32,30
1625,41,49,5,20,14,1
1626,43,35,25,6,16,8
1627,15,33,32,47,17,11
1628,16,38,30,42,8,1
1629,30,24,3,12,10,42
1630,10,27,34,12,9,31
1631,40,45,6,39,9,14
1632,7,21,36,19,1,16
1633,27,3,10,29,5,9
1634,1,17,27,19,44,9
1635,12,19,9,1,40,5
1636,26,40,35,39,37,5
1637,3,38,31,39,5,29
1638,27,17,10,4,19,43
1639,29,3,34,39,26,36
1640,47,13,7,30,42,19
1641,15,25,16,21,12,5
1642,4,2,3,10,41,26
1643,26,9,6,13,32,31
1644,12,17,4,44,11,27
1645,15,48,29,47,18,42
1646,12,22,36,6,23,37
1647,26,46,20,39,8,5
1648,27,42,48,44,46,23
1649,30,46,40,16,5,43
1650,43,7,20,47,48,5
1651,35,7,22,20,37,32
1652,40,31,24,14,3,47
1653,12,40,7,10,6,41
1654,3,36,9,41,11,24
1655,46,27,7,19,6,38
1656,35,17,39,7,24,21
1657,30,40,41,14,23,43
1658,22,7,32,29,37,1
1659,17,38,6,33,28,49
1660,21,36,2,28,6,34
1661,15,20,13,49,35,46
1662,37,25,5,38,30,10
1663,11,26,16,27,24,44
1664,39,45,30,34,38,4
1665,38,44,28,23,5,18
1666,23,27,25,11,18,22
1667,38,36,22,17,31,49
1668,16,27,42,18,46,24
1669,33,5,10,7,14,26
1670,36,42,49,37,26,16
1671,8,9,28,36,23,47
1672,35,45,19,2,41,12
1673,1,42,47,11,10,21
1674,25,22,20,27,48,42
1675,23,48,20,26,6,38
1676,5,33,13,11,35,46
1677,23,41,28,35,30,25
1678,4,7,25,36,20,14
1679,25,42,10,28,5,3
1680,18,46,39,26,10,34
1681,40,38,5,25,7,13
1682,34,48,4,46,7,24
1683,49,1,8,48,3,38
1684,17,36,32,27,19,5
1685,16,7,18,42,19,36
1686,46,8,25,19,37,41
1687,47,36,13,19,49,38
1688,41,49,34,12,14,45
1689,7,48,27,33,21,14
1690,9,12,25,13,32,40
1691,8,12,19,6,11,10
1692,30,40,13,1,48,3
1693,16,33,11,6,32,35
1694,8,5,24,16,23,36
1695,45,3,35,20,21,32
1696,10,6,30,2,17,1
1697,48,32,7,27,12,42
1698,38,13,33,27,2,39
1699,13,24,11,10,6,18
1700,25,21,24,4,8,2
1701,33,5,12,27,16,24
1702,25,4,1,7,35,20
1703,6,29,49,9,39,27
1704,28,44,24,1,38,4
1705,19,8,14,48,37,40
1706,39,22,46,30,9,33
1707,1,38,34,22,45,13
1708,33,22,27,37,21,35
1709,15,1,14,20,28,29
1710,35,9,6,27,5,33
1711,12,17,31,29,27,48
1712,16,10,15,18,40,4
1713,14,40,23,28,47,12
1714,25,28,2,14,4,43
1715,39,14,24,44,20,37
1716,3,28,39,27,5,7
1717,15,19,13,3,44,5
1718,2,17,15,12,14,23
1719,37,27,43,4,38,39
1720,41,9,5,45,34,1
1721,44,36,29,25,34,14
1722,7,26,5,48,49,25
1723,29,12,23,42,27,10
1724,13,42,40,14,37,23
1725,46,28,48,7,3,14
1726,46,29,3,33,40,26
1727,46,3,18,16,48,32
1728,40,12,29,16,48,47
1729,21,41,1,26,7,29
1730,49,33,23,16,10,7
1731,41,13,27,48,23,29
1732,32,3,7,40,37,14
1733,45,12,26,11,44,37
1734,46,20,37,25,32,8
1735,49,24,47,18,40,10
1736,44,38,10,11,24,21
1737,19,42,41,18,34,28
1738,10,8,6,4,42,48
1739,42,24,16,48,5,4
1740,18,17,28,39,15,43
1741,8,2,32,9,39,6
1742,7,2,13,19,46,24
1743,46,38,39,22,3,5
1744,7,31,9,13,8,3
1745,8,40,30,35,18,7
1746,25,20,11,49,34,27
1747,49,8,48,5,11,19
1748,40,33,36,35,43,4
1749,10,12,27,49,15,21
1750,20,16,13,35,25,19
1751,30,24,23,29,41,18
1752,5,37,35,3,31,49
1753,2,43,26,16,38,32
1754,10,29,37,49,26,42
1755,12,36,34,38,41,40
1756,22,8,27,3,41,11
1757,25,10,8,44,23,28
1758,45,6,24,5,39,44
1759,6,11,32,17,15,7
1760,47,34,38,9,39,30
1761,22,32,33,41,44,19
1762,26,10,20,41,16,13
1763,7,39,31,12,25,35
1764,15,23,18,34,11,41
1765,6,39,42,5,34,13
1766,36,13,19,37,27,38
1767,36,24,21,22,31,35
1768,28,26,9,2,48,5
1769,28,42,8,1,25,46
1770,35,33,27,10,46,43
1771,10,43,9,20,21,44
1772,42,44,19,28,26,13
1773,22,40,10,7,14,11
1774,1,23,18,49,42,29
1775,32,17,7,48,46,27
1776,17,8,27,38,29,25
1777,10,24,6,3,8,14
1778,39,35,38,10,4,43
1779,17,48,40,23,36,2
1780,21,38,26,24,12,20
1781,18,40,5,46,49,23
1782,9,32,17,6,41,11
1783,10,28,6,30,11,33
1784,20,4,25,23,26,34
1785,16,35,37,27,5,18
1786,2,12,27,15,16,9
1787,48,39,21,27,30,9
1788,39,31,24,38,3,43
1789,14,43,10,45,30,6
1790,47,31,8,36,26,27
1791,44,48,21,10,27,17
1792,19,18,31,10,5,17
1793,48,2,16,33,45,41
1794,45,49,12,40,10,41
1795,21,41,31,14,2,43
1796,13,35,18,28,10,47
1797,31,20,9,25,15,2
1798,7,18,22,30,33,12
1799,36,6,29,10,20,23
1800,25,27,9,13,37,7
1801,5,18,49,34,31,40
1802,22,40,45,5,20,44
1803,16,22,18,32,48,1
1804,6,41,47,15,2,24
1805,24,38,18,6,25,2
1806,16,30,2,9,25,1
1807,13,21,17,9,42,43
1808,30,12,25,10,1,37
1809,40,29,2,10,18,37
1810,31,3,24,12,23,7
1811,44,10,2,6,31,23
1812,18,11,29,36,10,35
1813,47,45,40,1,30,24
1814,17,25,32,29,18,49
1815,19,33,39,18,30,26
1816,36,27,23,14,38,43
1817,24,29,38,5,25,35
1818,45,8,12,41,35,30
1819,33,39,46,4,26,8
1820,3,21,40,26,16,15
1821,39,41,28,1,45,4
1822,13,4,35,19,10,7
1823,40,22,13,4,42,9
1824,23,35,40,6,14,16
1825,42,37,2,24,16,6
1826,6,2,4,7,12,39
1827,21,9,31,18,41,16
1828,47,30,44,39,3,31
1829,41,23,20,37,36,43
1830,49,42,34,28,11,37
1831,9,19,25,2,39,38
1832,10,45,33,29,25,44
1833,23,8,19,11,31,33
1834,17,29,44,49,30,26
1835,36,14,40,19,15,28
1836,14,43,7,40,37,36
1837,41,46,28,24,26,47
1838,13,44,12,45,6,2
1839,4,9,21,35,7,32
1840,48,33,5,45,29,49
1841,18,44,15,40,30,12
1842,22,47,34,29,10,9
1843,30,21,43,8,23,7
1844,8,3,10,5,25,2
1845,29,3,27,33,38,31
1846,21,5,13,10,47,36
1847,35,24,10,48,28,40
1848,21,33,36,14,2,35
1849,16,48,25,21,24,20
1850,5,16,12,36,32,1
1851,4,31,38,2,22,12
1852,13,19,42,27,46,25
1853,48,39,27,4,26,21
1854,14,26,12,5,4,7
1855,32,12,6,9,42,48
1856,6,45,38,44,39,10
1857,5,7,13,22,2,36
1858,49,22,33,13,28,30
1859,27,47,48,7,21,41
1860,1,41,36,8,32,20
1861,5,1,24,48,33,41
1862,41,31,38,18,49,32
1863,36,37,17,29,13,34
1864,42,49,47,39,41,17
1865,26,47,32,3,44,15
1866,5,19,29,4,32,17
1867,6,41,33,17,2,13
1868,24,42,2,20,46,26
1869,21,48,44,28,25,8
1870,49,35,20,40,41,24
1871,8,21,3,37,38,46
1872,30,44,49,40,33,24
1873,6,49,48,44,26,27
1874,38,17,36,37,44,25
1875,2,12,22,39,6,24
1876,28,36,18,40,6,39
1877,44,32,30,39,13,35
1878,29,5,24,27,16,14
1879,37,44,6,32,31,38
1880,38,10,26,36,13,23
1881,3,20,18,9,46,47
1882,36,31,9,18,4,10
1883,26,24,49,1,6,22
1884,31,27,6,19,35,29
1885,15,21,10,47,4,38
1886,36,10,14,6,20,11
1887,25,11,27,17,33,26
1888,14,30,1,10,2,15
1889,39,43,29,20,32,30
1890,22,28,37,39,12,34
1891,42,37,12,49,35,6
1892,29,7,6,4,39,20
1893,31,41,39,15,17,47
1894,32,47,21,40,13,6
1895,37,18,27,20,31,26
1896,31,34,49,30,4,39
1897,15,8,42,7,24,21
1898,30,45,15,35,33,41
1899,17,39,7,29,18,42
1900,37,46,32,4,9,43
1901,14,13,19,47,5,48
1902,1,41,13,45,17,24
1903,41,16,29,37,26,6
1904,20,25,47,3,13,38
1905,14,16,6,27,26,37
1906,17,33,45,26,40,4
1907,20,38,3,48,35,21
1908,23,31,15,3,1,40
1909,32,6,14,7,40,45
1910,23,36,49,30,20,4
1911,32,9,44,24,46,1
1912,40,25,31,23,18,14
1913,5,37,17,46,26,30
1914,40,3,8,2,38,25
1915,26,18,27,41,42,28
1916,46,44,38,13,23,31
1917,14,28,18,17,22,3
1918,33,4,45,43,18,8
1919,20,21,49,10,5,43
1920,16,35,46,29,36,24
1921,4,7,44,2,46,45
1922,2,24,1,47,17,41
1923,44,45,16,34,13,32
1924,12,2,40,37,9,39
1925,9,11,48,25,45,16
1926,41,36,14,28,27,47
1927,20,22,23,18,35,5
1928,37,8,4,19,31,20
1929,3,40,16,46,44,33
1930,2,29,31,13,49,34
1931,15,34,46,31,45,26
1932,2,33,13,18,15,14
1933,17,9,31,43,25,24
1934,22,12,25,42,32,39
1935,14,34,4,39,47,31
1936,24,34,36,6,39,41
1937,27,11,49,47,28,26
1938,30,8,19,2,6,35
1939,28,7,2,5,11,20
1940,15,28,16,11,47,9
1941,22,30,36,48,35,13
1942,9,1,22,29,8,46
1943,32,7,33,48,15,5
1944,23,27,40,45,30,6
1945,39,1,14,48,10,26
1946,20,38,15,11,17,16
1947,41,48,15,5,44,47
1948,8,36,26,34,33,4
1949,39,8,31,9,20,24
1950,10,4,3,12,1,39
1951,38,1,45,10,22,46
1952,18,29,44,39,10,14
1953,6,1,4,26,16,8
1954,28,29,18,3,37,47
1955,15,33,17,44,1,46
1956,43,31,21,44,1,24
1957,2,16,10,4,15,49
1958,49,6,1,7,20,40
1959,31,13,15,23,25,42
1960,33,7,25,48,40,10
1961,27,12,41,10,21,18
1962,47,17,28,29,26,40
1963,18,21,8,2,19,1
1964,12,1,15,19,37,35
1965,3,25,34,39,20,30
1966,16,6,13,44,18,19
1967,19,43,41,46,35,40
1968,20,49,33,26,24,14
1969,24,22,43,26,16,37
1970,39,22,34,46,24,19
1971,12,26,31,24,20,36
1972,45,12,15,8,32,16
1973,18,14,10,39,31,29
1974,21,42,45,48,13,11
1975,35,37,33,1,6,12
1976,38,49,41,26,33,27
1977,28,15,41,14,23,31
1978,32,44,12,25,38,19
1979,3,35,6,42,46,23
1980,41,39,47,6,30,44
1981,49,9,40,38,18,39
1982,15,46,45,23,12,24
1983,41,20,43,2,25,47
1984,27,10,24,1,35,17
1985,43,7,42,10,30,17
1986,46,14,30,34,44,4
1987,15,38,29,43,8,10
1988,26,27,44,22,4,17
1989,42,19,7,16,33,4
1990,17,6,46,48,41,43
1991,40,22,31,2,42,3
1992,9,32,21,8,20,36
1993,35,1,28,16,23,37
1994,2,35,34,38,25,9
1995,20,16,47,14,37,4
1996,48,25,15,17,24,34
1997,21,40,37,9,2,5
1998,40,44,34,1,42,45
1999,19,6,21,26,20,40
2000,38,41,5,9,39,34
2001,34,17,26,25,4,7
2002,45,39,29,9,28,37
2003,20,46,6,42,32,35
2004,38,6,16,14,3,29
2005,2,15,17,16,46,6
2006,13,36,47,5,25,33
2007,22,46,17,15,28,23
2008,32,15,1,39,41,40
2009,47,2,16,7,46,22
2010,4,7,34,6,40,12
2011,31,5,30,4,22,26
2012,3,1,25,14,38,22
2013,13,18,22,30,1,10
2014,18,41,17,39,46,8
2015,35,1,24,34,33,46
2016,13,21,19,11,26,12
2017,19,18,8,40,17,32
2018,36,45,38,30,18,31
2019,8,21,19,20,42,18
2020,47,31,5,18,39,25
2021,6,4,17,39,26,7
2022,11,21,18,30,10,24
2023,40,15,37,22,16,7
2024,26,8,21,20,40,22
2025,28,20,39,38,42,11
2026,41,35,25,24,6,31
2027,36,27,16,46,23,32
2028,7,15,26,37,34,19
2029,16,15,6,14,4,23
2030,5,49,37,40,2,44
2031,31,20,9,23,28,10
2032,43,21,25,47,17,49
2033,13,25,18,39,19,41
2034,25,46,49,35,31,19
2035,27,5,49,19,7,14
2036,9,40,46,29,32,23
2037,44,42,5,6,40,13
2038,43,29,24,46,14,11
2039,46,42,27,5,23,18
2040,23,22,3,7,19,6
2041,23,48,16,32,6,35
2042,47,45,23,21,32,28
2043,25,49,28,33,23,43
2044,44,36,4,45,48,12
2045,28,22,21,31,9,25
2046,29,35,9,4,45,40
2047,44,48,22,12,30,6
2048,16,15,33,40,11,25
2049,17,43,13,35,5,19
2050,19,8,16,29,39,32
2051,23,43,21,32,1,49
2052,20,11,16,41,17,46
2053,9,21,8,35,45,19
2054,38,16,26,29,28,30
2055,22,27,39,4,12,28
2056,20,40,9,32,7,23
2057,17,32,15,1,7,19
2058,43,29,34,1,32,47
2059,8,18,40,34,10,43
2060,37,46,24,18,12,27
2061,7,35,4,18,9,20
2062,37,42,14,10,5,45
2063,49,37,46,8,42,17
2064,1,32,19,40,41,2
2065,8,39,48,18,45,34
2066,11,29,20,3,43,16
2067,8,17,35,40,42,14
2068,3,33,6,23,28,35
2069,17,12,22,8,2,19
